{"stats":{"minecraft:picked_up":{"minecraft:stick":6,"minecraft:crafting_table":1,"minecraft:torch":1,"minecraft:green_bed":1,"minecraft:hay_block":30,"minecraft:cyan_bed":1,"minecraft:sugar_cane":14},"minecraft:custom":{"minecraft:time_since_rest":7304,"minecraft:crouch_one_cm":1467,"minecraft:play_time":7304,"minecraft:sprint_one_cm":24999,"minecraft:walk_one_cm":5805,"minecraft:sneak_time":445,"minecraft:jump":184,"minecraft:leave_game":1,"minecraft:walk_on_water_one_cm":440,"minecraft:time_since_death":7304,"minecraft:total_world_time":7304,"minecraft:fall_one_cm":8942,"minecraft:fly_one_cm":46349},"minecraft:mined":{"minecraft:grass":1,"minecraft:hay_block":30,"minecraft:dead_bush":11,"minecraft:sand":3,"minecraft:cyan_bed":1,"minecraft:sugar_cane":7,"minecraft:wall_torch":1,"minecraft:green_bed":1,"minecraft:crafting_table":1}},"DataVersion":3465}