{"stats":{"minecraft:picked_up":{"minecraft:sea_pickle":4},"minecraft:custom":{"minecraft:time_since_rest":3639,"minecraft:open_chest":8,"minecraft:crouch_one_cm":45,"minecraft:play_time":3639,"minecraft:sprint_one_cm":9730,"minecraft:damage_taken":250,"minecraft:walk_one_cm":2327,"minecraft:sneak_time":21,"minecraft:walk_under_water_one_cm":6051,"minecraft:drop":4,"minecraft:jump":71,"minecraft:damage_dealt":20,"minecraft:leave_game":1,"minecraft:time_since_death":3639,"minecraft:walk_on_water_one_cm":3800,"minecraft:total_world_time":3639,"minecraft:swim_one_cm":28296,"minecraft:fall_one_cm":3528,"minecraft:fly_one_cm":19150},"minecraft:used":{"minecraft:suspicious_stew":1,"minecraft:sea_pickle":1,"minecraft:leather_boots":1},"minecraft:dropped":{"minecraft:sea_pickle":3,"minecraft:bowl":1},"minecraft:mined":{"minecraft:dead_bush":1,"minecraft:sea_pickle":1}},"DataVersion":3465}